epoch,train_loss,val_loss
1,1532.8197021484375,816.3048706054688
2,815.8707275390625,602.42822265625
3,602.36279296875,510.2668151855469
4,510.4893798828125,456.65911865234375
5,456.6203308105469,422.9737854003906
6,423.0443420410156,400.0597839355469
7,399.9645080566406,382.181884765625
8,382.1849365234375,367.9632873535156
9,368.027587890625,357.0357666015625
10,357.1446228027344,348.77850341796875
11,348.7735595703125,341.9587097167969
12,341.90753173828125,336.1128845214844
