epoch,train_loss,val_loss
1,1474.2598876953125,795.8182373046875
